{"cameraMode":{"drawMode":0,"name":"Shaded","section":"Shading Mode"},"sceneLighting":true,"audioPlay":false,"sceneViewState":{"showFog":true,"showMaterialUpdate":false,"showSkybox":true,"showFlares":true,"showImageEffects":true,"showParticleSystems":true},"in2DMode":false,"pivot":{"x":0.33106422424316409,"y":3.75846529006958,"z":-0.4675862789154053},"rotation":{"x":0.577944278717041,"y":0.07077370584011078,"z":-0.05040838196873665,"w":0.8114373683929443},"size":5.05717134475708,"orthographic":false}